{
    "predict_accuracy": 0.9568256742264766,
    "predict_f1": 0.8479302832244007,
    "predict_loss": 0.18008363246917725,
    "predict_precision": 0.8508963707914298,
    "predict_recall": 0.8449848024316109,
    "predict_runtime": 18.7753,
    "predict_samples_per_second": 10.599,
    "predict_steps_per_second": 1.332
}